{
  "version": 1,
  "author": "Arvind Patil",
  "editor": "wokwi",
  "parts": [
    {
      "type": "wokwi-arduino-uno",
      "id": "uno",
      "top": -23.34,
      "left": 115.34,
      "rotate": 90,
      "attrs": {}
    },
    { "type": "wokwi-ili9341", "id": "lcd1", "top": -35.07, "left": -81.23, "attrs": {} }
  ],
  "connections": [
    [ "lcd1:VCC", "uno:5V", "red", [ "v44.17", "h136.6", "v-202.67" ] ],
    [ "lcd1:GND", "uno:GND.2", "black", [ "v22.17", "h143.66", "v-162" ] ],
    [ "lcd1:CS", "uno:10", "magenta", [ "v24.17", "h378.06", "v-183.33" ] ],
    [ "lcd1:RST", "uno:8", "white", [ "v52.17", "h313.13", "v-195.33" ] ],
    [ "lcd1:D/C", "uno:9", "blue", [ "v43.5", "h253.53", "v-191.33" ] ],
    [ "lcd1:MOSI", "uno:11", "cyan", [ "v7.5", "h268.59", "v-176" ] ],
    [ "lcd1:SCK", "uno:13", "yellow", [ "v36.17", "h230.32", "v-218.67" ] ],
    [ "lcd1:MISO", "uno:12", "green", [ "v22.17", "h77.12", "v-234.67", "h250.67", "v38.67" ] ]
  ],
  "dependencies": {}
}