{
  "version": 1,
  "author": "Arvind Patil",
  "editor": "wokwi",
  "parts": [
    {
      "type": "wokwi-arduino-uno",
      "id": "uno",
      "top": 26.67,
      "left": 106.67,
      "rotate": 90,
      "attrs": {}
    },
    { "type": "wokwi-ili9341", "id": "lcd1", "top": -30.8, "left": -57.37, "attrs": {} }
  ],
  "connections": [
    [ "lcd1:VCC", "uno:5V", "red", [ "v20.83", "h135.67", "v-8.67" ] ],
    [ "lcd1:GND", "uno:GND.3", "black", [ "v42.17", "h139.4", "v-132" ] ],
    [ "lcd1:CS", "uno:10", "blue", [ "v26.17", "h283.8", "v-134.67" ] ],
    [ "lcd1:RST", "uno:8", "green", [ "v34.83", "h333.53", "v-126.67" ] ],
    [ "lcd1:D/C", "uno:9", "yellow", [ "v52.17", "h251.93", "v-146.67" ] ],
    [ "lcd1:MOSI", "uno:11", "violet", [ "v17.5", "h226.33", "v-136" ] ],
    [ "lcd1:SCK", "uno:13", "orange", [ "v43.5", "h199.4", "v-202" ] ],
    [ "lcd1:MISO", "uno:12", "magenta", [ "v0.83", "h165.53", "v-125.33" ] ]
  ],
  "dependencies": {}
}