{
  "version": 1,
  "author": "Arvind Patil",
  "editor": "wokwi",
  "parts": [
    {
      "type": "wokwi-arduino-nano",
      "id": "nano",
      "top": 90.55,
      "left": 35.77,
      "rotate": 90,
      "attrs": {}
    },
    { "type": "wokwi-ili9341", "id": "lcd1", "top": -90.14, "left": -141.14, "attrs": {} }
  ],
  "connections": [
    [ "lcd1:VCC", "nano:VIN", "red", [ "v38.21", "h187.59" ] ],
    [ "lcd1:GND", "nano:GND.1", "black", [ "v28.15", "h160.1", "v-32.42" ] ],
    [ "lcd1:CS", "nano:10", "green", [ "v51.06", "h249.99", "v-171.6" ] ],
    [ "lcd1:D/C", "nano:9", "green", [ "v15.85", "h244.2", "v-124.09" ] ],
    [ "lcd1:MOSI", "nano:11", "white", [ "v23.68", "h258.08", "v-151.48" ] ],
    [ "lcd1:SCK", "nano:13", "purple", [ "v66.16", "h118.24", "v-205.14" ] ],
    [ "lcd1:MISO", "nano:12", "yellow", [ "v73.98", "h218.1", "v-213.52" ] ]
  ],
  "dependencies": {}
}