{
  "version": 1,
  "author": "Arvind Patil",
  "editor": "wokwi",
  "parts": [
    { "type": "wokwi-arduino-uno", "id": "uno", "top": 0, "left": 62, "rotate": 90, "attrs": {} },
    { "type": "wokwi-ili9341", "id": "lcd1", "top": -68.07, "left": -166.68, "attrs": {} }
  ],
  "connections": [
    [ "lcd1:VCC", "uno:VIN", "red", [ "v75.87", "h178.2", "v-130" ] ],
    [ "lcd1:GND", "uno:GND.3", "black", [ "v59.2", "h143.93", "v-126.67" ] ],
    [ "lcd1:CS", "uno:10", "magenta", [ "v83.87", "h286.33", "v-180" ] ],
    [ "lcd1:D/C", "uno:9", "blue", [ "v53.87", "h293.13", "v-127.33" ] ],
    [ "lcd1:MOSI", "uno:11", "green", [ "v67.87", "h357.52", "v-176.67" ] ],
    [ "lcd1:SCK", "uno:13", "purple", [ "v40.53", "h213.26", "v-197.33" ] ],
    [ "lcd1:MISO", "uno:12", "green", [ "v15.2", "h177.39", "v-134" ] ]
  ],
  "dependencies": {}
}