{
  "version": 1,
  "author": "Arvind Patil",
  "editor": "wokwi",
  "parts": [
    { "type": "wokwi-arduino-uno", "id": "uno", "top": 40.67, "left": 104, "attrs": {} },
    { "type": "wokwi-ili9341", "id": "lcd1", "top": -66.4, "left": -105.9, "attrs": {} },
    { "type": "wokwi-ds1307", "id": "rtc1", "top": -76.6, "left": 199.83, "attrs": {} }
  ],
  "connections": [
    [ "rtc1:GND", "uno:GND.1", "black", [ "h-35", "v89.23", "h40" ] ],
    [ "rtc1:5V", "uno:5V", "red", [ "h-13.66", "v239.23", "h75.33" ] ],
    [ "rtc1:SDA", "uno:A4.2", "green", [ "h0" ] ],
    [ "rtc1:SCL", "uno:A5.2", "magenta", [ "h0" ] ],
    [ "lcd1:VCC", "uno:5V", "red", [ "v53.5", "h309.27" ] ],
    [ "lcd1:GND", "uno:GND.2", "black", [ "v33.5", "h331.67" ] ],
    [ "lcd1:CS", "uno:10", "yellow", [ "v87.5", "h331.4", "v-163.33", "h-22.67" ] ],
    [ "lcd1:RST", "uno:8", "green", [ "v11.5", "h242.46", "v-107.33", "h80" ] ],
    [ "lcd1:D/C", "uno:9", "green", [ "v70.17", "h291.53" ] ],
    [ "lcd1:MOSI", "uno:11", "blue", [ "v36.83", "h180.59", "v-123.33", "h-2.67" ] ],
    [ "lcd1:SCK", "uno:13", "orange", [ "v47.5", "h201.66" ] ]
  ],
  "dependencies": {}
}