{
  "version": 1,
  "author": "Arvind Patil",
  "editor": "wokwi",
  "parts": [
    {
      "type": "wokwi-arduino-uno",
      "id": "uno",
      "top": -34.67,
      "left": 111.99,
      "rotate": 90,
      "attrs": {}
    },
    {
      "type": "wokwi-ili9341",
      "id": "lcd1",
      "top": -77.73,
      "left": -71.9,
      "rotate": 90,
      "attrs": {}
    }
  ],
  "connections": [
    [ "lcd1:VCC", "uno:5V", "red", [ "v38.16", "h165.27", "v-152" ] ],
    [ "lcd1:GND", "uno:GND.3", "black", [ "v62.83", "h133.67", "v-158", "h2.67" ] ],
    [ "lcd1:CS", "uno:10", "yellow", [ "v82.16", "h381.4", "v-206.67" ] ],
    [ "lcd1:RST", "uno:8", "green", [ "v22.83", "h293.8", "v-132.67" ] ],
    [ "lcd1:D/C", "uno:9", "green", [ "v45.5", "h349.53", "v-162" ] ],
    [ "lcd1:MOSI", "uno:11", "white", [ "v5.5", "h225.26", "v-160.67" ] ],
    [ "lcd1:SCK", "uno:13", "violet", [ "v66.83", "h190.99", "v-245.33" ] ]
  ],
  "dependencies": {}
}